{
  "lr": {
    "auc": 0.917785230456464,
    "pr_auc": 0.655174849952578,
    "ks": 0.676548083819941,
    "ks_threshold": 0.10597133316239393,
    "brier": 0.054042293837517755,
    "threshold": 0.10597133316239393,
    "confusion": {
      "tn": 18946,
      "fp": 3553,
      "fn": 414,
      "tp": 2087
    },
    "lift_by_decile": [
      6.010380506207424,
      1.948780135663909,
      0.9696720114349469,
      0.45237958806155976,
      0.3103597270769112,
      0.15037532097216535,
      0.0764805019078826,
      0.0507609456217513,
      0.0129649826191443,
      0.004027397904657637
    ],
    "bad_rate_by_decile": [
      0.6012784658409908,
      0.19495596477181745,
      0.09700598802395209,
      0.04525605398967844,
      0.031048387096774193,
      0.015043547110055424,
      0.0076511094108645756,
      0.005078125,
      0.0012970168612191958,
      0.00040290088638195
    ],
    "calibration": {
      "prob_pred": [
        0.000947546425518151,
        0.003767870226513088,
        0.006293696289562323,
        0.0107120891679818,
        0.016375455386831893,
        0.02805506329058922,
        0.04867123761463101,
        0.09164598725706914,
        0.19338844070556427,
        0.5909945829426609
      ],
      "prob_true": [
        0.00039952057530962844,
        0.0011773940345368916,
        0.005593288054334798,
        0.008097165991902834,
        0.014817781337605127,
        0.030519223147047168,
        0.046747967479674794,
        0.09683873549419768,
        0.1957566052842274,
        0.6014405762304922
      ]
    }
  },
  "lgbm": {
    "auc": 0.9291820762250235,
    "pr_auc": 0.7073616124521434,
    "ks": 0.6968497902407995,
    "ks_threshold": 0.09551087510127908,
    "brier": 0.04963118148004901,
    "threshold": 0.09551087510127908,
    "confusion": {
      "tn": 18881,
      "fp": 3618,
      "fn": 356,
      "tp": 2145
    },
    "lift_by_decile": [
      6.358911853091629,
      1.8722542931709105,
      0.7891580210021254,
      0.49839332461627334,
      0.23125970991738926,
      0.14659217565451027,
      0.0522179188026282,
      0.021404714345525173,
      0.019928232853589023,
      0.0
    ],
    "bad_rate_by_decile": [
      0.6361455417832866,
      0.1873003194888179,
      0.07894736842105263,
      0.049859268194611985,
      0.023135221380135622,
      0.01466508125247721,
      0.0052238805970149255,
      0.0021413276231263384,
      0.001993620414673046,
      0.0
    ],
    "calibration": {
      "prob_pred": [
        0.00033550843052514737,
        0.0023167442788107834,
        0.005041543212982118,
        0.008362594729689275,
        0.013775575649136845,
        0.02467405062793012,
        0.046051590841658635,
        0.08572217550117638,
        0.18411077446647445,
        0.6237162975918866
      ],
      "prob_true": [
        0.0003913894324853229,
        0.0016233766233766235,
        0.002390438247011952,
        0.005202080832332933,
        0.014955537590945837,
        0.02321857485988791,
        0.05199374511336982,
        0.07808667211774326,
        0.1869756292449061,
        0.6377858002406739
      ]
    }
  }
}