{
  "0": [
    16511.5,
    19032.5,
    22436.5,
    24608.5,
    27545.5
  ],
  "1": [
    9.355000019073486,
    11.835000038146973,
    13.474999904632568,
    15.795000076293945,
    17.984999656677246
  ],
  "2": [
    432.5,
    527.5,
    583.5,
    695.5,
    851.5
  ],
  "3": [
    50503.5,
    51937.5,
    53599.5,
    55480.5,
    57209.5
  ],
  "4": [
    13.574999809265137,
    15.664999961853027,
    17.63499927520752,
    21.36500072479248,
    24.515000343322754
  ],
  "5": [
    1.5,
    3.5,
    5.5,
    7.5,
    8.5
  ],
  "6": [
    11.5,
    14.5,
    17.5,
    18.5,
    21.5
  ],
  "7": [
    7.5,
    11.5,
    13.5,
    14.5,
    15.5
  ],
  "8": [
    3.5,
    4.5,
    6.5,
    7.5,
    12.5
  ],
  "9": [
    11967.5,
    13334.5,
    14293.5,
    16335.5,
    17928.5
  ],
  "10": [
    53.33500099182129,
    59.7549991607666,
    67.8849983215332,
    81.41500091552734,
    88.17499923706055
  ],
  "11": [
    0.5,
    1.5,
    6.5
  ],
  "12": [
    0.5,
    1.5,
    8.5
  ],
  "13": [
    0.5,
    1.5,
    6.5
  ],
  "14": [
    0.5,
    1.5,
    2.5,
    8.5
  ]
}