{
  "edges": [
    0.00025720164609053495,
    0.0011900188967824815,
    0.0022679095994706374,
    0.0036753182421984695,
    0.0050099576561369345,
    0.00671450398356848,
    0.008308319914852176,
    0.010568998808407393,
    0.013706209751308459,
    0.017885802548142298,
    0.024286203710979625,
    0.033198966256950097,
    0.044279801577332134,
    0.05880148110697783,
    0.0841385698263135,
    0.12176919436875111,
    0.18332003120177856,
    0.31092900248422845,
    0.6202764806363074
  ],
  "bad_rates": [
    0.10425466874166296,
    0.11115390883098028,
    0.11761662904439428,
    0.12496044501440634,
    0.131937117535345,
    0.14274570982839313,
    0.1534638276983494,
    0.16670740107094453,
    0.18153004935643086,
    0.1992087935429057,
    0.2222584276319687,
    0.25009166361121293,
    0.2830480939967509,
    0.33174850033325926,
    0.39269333333333334,
    0.4703533639448992,
    0.5781902140129651,
    0.7224,
    0.8949613436416956
  ],
  "percentiles": [
    0.05,
    0.1,
    0.15,
    0.2,
    0.25,
    0.3,
    0.35,
    0.4,
    0.45,
    0.5,
    0.55,
    0.6,
    0.65,
    0.7,
    0.75,
    0.8,
    0.85,
    0.9,
    0.95
  ]
}