{
  "edges": [
    0.0008197112059834108,
    0.0025721508465570146,
    0.003923195159773979,
    0.004860694344854865,
    0.006447879174185874,
    0.008476982822847,
    0.010988986506386106,
    0.013554667308787812,
    0.016870205468769998,
    0.02128556007774503,
    0.028287067960604085,
    0.03697698650038514,
    0.047016130904205755,
    0.06456587012841732,
    0.08964673651050582,
    0.12594377163743498,
    0.18694887150137315,
    0.30397049649634744,
    0.5685972813968713
  ],
  "bad_rates": [
    0.10432400105700894,
    0.11092039064812075,
    0.11743208482338917,
    0.12432216640606807,
    0.13230572751299288,
    0.14158702356927996,
    0.1520259186351706,
    0.16313170408050426,
    0.17687682611740274,
    0.19290689636837346,
    0.21297146751207371,
    0.23620500183156282,
    0.26402251207362054,
    0.29962230615418795,
    0.345187949880032,
    0.40646666666666664,
    0.49042553191489363,
    0.6182666666666666,
    0.8016528925619835
  ],
  "percentiles": [
    0.05,
    0.1,
    0.15,
    0.2,
    0.25,
    0.3,
    0.35,
    0.4,
    0.45,
    0.5,
    0.55,
    0.6,
    0.65,
    0.7,
    0.75,
    0.8,
    0.85,
    0.9,
    0.95
  ]
}