{
  "lr": 0.10597133316239393,
  "lgbm": 0.09551087510127908
}